decile,customers,avg_ltv,sum_ltv
0,6,1074.547133926555,6447.28280355933
1,5,2337.57864,11687.8932
2,5,2713.25534,13566.2767
3,5,2988.4654600000003,14942.3273
4,5,3194.22944,15971.1472
5,5,3457.3079599999996,17286.5398
6,5,3683.1200599999997,18415.6003
7,5,3944.03384,19720.1692
8,5,4769.47138,23847.3569
9,5,6154.30322,30771.5161
