{"MAE":1083.8363591974,"RMSE":1345.6271745528}